{"cameraMode":{"drawMode":0,"name":"Shaded","section":"Shading Mode"},"sceneLighting":false,"audioPlay":false,"sceneViewState":{"showFog":false,"showMaterialUpdate":false,"showSkybox":false,"showFlares":false,"showImageEffects":false,"showParticleSystems":true},"in2DMode":false,"pivot":{"x":5.960464477539063e-8,"y":0.5,"z":0.49999988079071047},"rotation":{"x":0.07749225199222565,"y":-0.7553926110267639,"z":0.09085353463888169,"w":0.6443018913269043},"size":3.5141918659210207,"orthographic":true}